[
	{ "model": "team_app.module", "pk": 1, "fields": { "path": "students", "title": "Students", "icon": "account_circle", "orderNumber": 1, "parentBoard": null } },
	{ "model": "team_app.module", "pk": 3, "fields": { "path": "expenses", "title": "Expenses", "icon": "dashboard", "orderNumber": 11, "parentBoard": null } },
	{ "model": "team_app.module", "pk": 5, "fields": { "path": "school", "title": "School", "icon": "domain", "orderNumber": 14, "parentBoard": null } },
	{ "model": "team_app.module", "pk": 7, "fields": { "path": "employees", "title": "Employees", "icon": "account_circle", "orderNumber": 6, "parentBoard": null } },
	{ "model": "team_app.module", "pk": 8, "fields": { "path": "enquiries", "title": "Enquiry", "icon": "not_listed_location", "orderNumber": 12, "parentBoard": null } },
	{ "model": "team_app.module", "pk": 9, "fields": { "path": "sms", "title": "SMS", "icon": "sms", "orderNumber": 4, "parentBoard": null } },
	{ "model": "team_app.module", "pk": 10, "fields": { "path": "vehicle", "title": "Vehicle", "icon": "directions_bus", "orderNumber": 13, "parentBoard": null } },
	{ "model": "team_app.module", "pk": 11, "fields": { "path": "attendance", "title": "Attendance", "icon": "date_range", "orderNumber": 5, "parentBoard": null } },
	{ "model": "team_app.module", "pk": 12, "fields": { "path": "salary", "title": "Salary", "icon": "account_circle", "orderNumber": 10, "parentBoard": null } },
	{ "model": "team_app.module", "pk": 13, "fields": { "path": "subjects", "title": "Subjects", "icon": "category", "orderNumber": 7, "parentBoard": null } },
	{ "model": "team_app.module", "pk": 14, "fields": { "path": "examinations", "title": "Examination", "icon": "airline_seat_recline_normal", "orderNumber": 8, "parentBoard": null } },
	{ "model": "team_app.module", "pk": 15, "fields": { "path": "fees", "title": "Fees 3.0", "icon": "receipt", "orderNumber": 2, "parentBoard": null } },
	{ "model": "team_app.module", "pk": 16, "fields": { "path": "report_card_mp_board", "title": "Report Card", "icon": "book", "orderNumber": 8, "parentBoard": 1 } },
	{ "model": "team_app.module", "pk": 17, "fields": { "path": "report_card_cbse", "title": "Report Card", "icon": "book", "orderNumber": 8, "parentBoard": 2 } },
	{ "model": "team_app.module", "pk": 18, "fields": { "path": "class", "title": "Class", "icon": "people", "orderNumber": 13, "parentBoard": null } },
	{ "model": "team_app.task", "pk": 1, "fields": { "path": "update_profile", "title": "Update Profile", "parentModule": "1", "orderNumber": 1, "parentBoard": null } },
	{ "model": "team_app.task", "pk": 2, "fields": { "path": "view_all", "title": "View All", "parentModule": "1", "orderNumber": 2, "parentBoard": null } },
	{ "model": "team_app.task", "pk": 3, "fields": { "path": "generate_tc", "title": "Generate TC", "parentModule": "1", "orderNumber": 3, "parentBoard": null } },
	{ "model": "team_app.task", "pk": 4, "fields": { "path": "promote_student", "title": "Promote Student", "parentModule": "1", "orderNumber": 4, "parentBoard": null } },
	{ "model": "team_app.task", "pk": 5, "fields": { "path": "add_student", "title": "Add Student", "parentModule": "1", "orderNumber": 6, "parentBoard": null } },
	{ "model": "team_app.task", "pk": 14, "fields": { "path": "add_expense", "title": "Add Expense", "parentModule": "3", "orderNumber": 1, "parentBoard": null } },
	{ "model": "team_app.task", "pk": 15, "fields": { "path": "expense_list", "title": "Total Expense", "parentModule": "3", "orderNumber": 2, "parentBoard": null } },
	{ "model": "team_app.task", "pk": 18, "fields": { "path": "update_profile", "title": "Update Profile", "parentModule": "5", "orderNumber": 1, "parentBoard": null } },
	{ "model": "team_app.task", "pk": 22, "fields": { "path": "update_profile", "title": "Update Profile", "parentModule": "7", "orderNumber": 1, "parentBoard": null } },
	{ "model": "team_app.task", "pk": 23, "fields": { "path": "view_all", "title": "View All", "parentModule": "7", "orderNumber": 2, "parentBoard": null } },
	{ "model": "team_app.task", "pk": 24, "fields": { "path": "add_employee", "title": "Add Employee", "parentModule": "7", "orderNumber": 3, "parentBoard": null } },
	{ "model": "team_app.task", "pk": 25, "fields": { "path": "add_enquiry", "title": "Add Enquiry", "parentModule": "8", "orderNumber": 1, "parentBoard": null } },
	{ "model": "team_app.task", "pk": 26, "fields": { "path": "view_all", "title": "View All", "parentModule": "8", "orderNumber": 2, "parentBoard": null } },
	{ "model": "team_app.task", "pk": 27, "fields": { "path": "update_enquiry", "title": "Update", "parentModule": "8", "orderNumber": 3, "parentBoard": null } },
	{ "model": "team_app.task", "pk": 28, "fields": { "path": "send_sms", "title": "Send SMS", "parentModule": "9", "orderNumber": 1, "parentBoard": null } },
	{ "model": "team_app.task", "pk": 29, "fields": { "path": "view_sent", "title": "View Sent", "parentModule": "9", "orderNumber": 2, "parentBoard": null } },
	{ "model": "team_app.task", "pk": 30, "fields": { "path": "view_purchases", "title": "View Purchases", "parentModule": "9", "orderNumber": 3, "parentBoard": null } },
	{ "model": "team_app.task", "pk": 31, "fields": { "path": "update_bus_stop", "title": "Update BusStop", "parentModule": "10", "orderNumber": 1, "parentBoard": null } },
	{ "model": "team_app.task", "pk": 32, "fields": { "path": "delete_bus_stop", "title": "Delete BusStop", "parentModule": "10", "orderNumber": 2, "parentBoard": null } },
	{ "model": "team_app.task", "pk": 33, "fields": { "path": "add_bus_stop", "title": "Add BusStop", "parentModule": "10", "orderNumber": 3, "parentBoard": null } },
	{ "model": "team_app.task", "pk": 35, "fields": { "path": "change_class", "title": "Change Class", "parentModule": "1", "orderNumber": 5, "parentBoard": null } },
	{ "model": "team_app.task", "pk": 36, "fields": { "path": "upload_list", "title": "Upload List", "parentModule": "1", "orderNumber": 7, "parentBoard": null } },
	{ "model": "team_app.task", "pk": 37, "fields": { "path": "i_cards", "title": "Generate I-Card", "parentModule": "1", "orderNumber": 8, "parentBoard": null } },
	{ "model": "team_app.task", "pk": 38, "fields": { "path": "record_student_attendance", "title": "Record Stud. Attend.", "parentModule": "11", "orderNumber": 1, "parentBoard": null } },
	{ "model": "team_app.task", "pk": 39, "fields": { "path": "declare_holidays", "title": "Declare Holidays", "parentModule": "11", "orderNumber": 3, "parentBoard": null } },
	{ "model": "team_app.task", "pk": 40, "fields": { "path": "assign_class", "title": "Assign Class", "parentModule": "18", "orderNumber": 2, "parentBoard": null } },
	{ "model": "team_app.task", "pk": 41, "fields": { "path": "record_employee_attendance", "title": "Record Empl. Attend.", "parentModule": "11", "orderNumber": 2, "parentBoard": null } },
	{ "model": "team_app.task", "pk": 42, "fields": { "path": "assign_task", "title": "Assign Task", "parentModule": "7", "orderNumber": 4, "parentBoard": null } },
	{ "model": "team_app.task", "pk": 43, "fields": { "path": "approve_leave", "title": "Approve Leave", "parentModule": "11", "orderNumber": 4, "parentBoard": null } },
	{ "model": "team_app.task", "pk": 44, "fields": { "path": "generate_payslip", "title": "Generate Payslip", "parentModule": "12", "orderNumber": 1, "parentBoard": null } },
	{ "model": "team_app.task", "pk": 45, "fields": { "path": "record_payment", "title": "Record Payment", "parentModule": "12", "orderNumber": 2, "parentBoard": null } },
	{ "model": "team_app.task", "pk": 46, "fields": { "path": "view_record", "title": "View Record", "parentModule": "12", "orderNumber": 3, "parentBoard": null } },
	{ "model": "team_app.task", "pk": 47, "fields": { "path": "set_class_subject", "title": "Set Class Subject", "parentModule": "13", "orderNumber": 1, "parentBoard": null } },
	{ "model": "team_app.task", "pk": 48, "fields": { "path": "set_student_subject", "title": "Set Student Subject", "parentModule": "13", "orderNumber": 2, "parentBoard": null } },
	{ "model": "team_app.task", "pk": 49, "fields": { "path": "create_examination", "title": "Create Exam", "parentModule": "14", "orderNumber": 1, "parentBoard": null } },
	{ "model": "team_app.task", "pk": 50, "fields": { "path": "create_test", "title": "Create Test", "parentModule": "14", "orderNumber": 2, "parentBoard": null } },
	{ "model": "team_app.task", "pk": 51, "fields": { "path": "generate_hall_ticket", "title": "Generate Hall Ticket", "parentModule": "14", "orderNumber": 3, "parentBoard": null } },
	{ "model": "team_app.task", "pk": 52, "fields": { "path": "update_marks", "title": "Update marks", "parentModule": "14", "orderNumber": 4, "parentBoard": null } },
	{ "model": "team_app.task", "pk": 53, "fields": { "path": "print_marksheet", "title": "Print Marksheet", "parentModule": "14", "orderNumber": 5, "parentBoard": null } },
	{ "model": "team_app.task", "pk": 54, "fields": { "path": "update_all", "title": "Update All", "parentModule": "1", "orderNumber": 3, "parentBoard": null } },
	{ "model": "team_app.task", "pk": 55, "fields": { "path": "print_salary_sheet", "title": "Print Salary Sheet", "parentModule": "12", "orderNumber": 4, "parentBoard": null } },
	{ "model": "team_app.task", "pk": 56, "fields": { "path": "grade_student_fields", "title": "Grade Student Fields", "parentModule": "16", "orderNumber": 6, "parentBoard": 1 } },
	{ "model": "team_app.task", "pk": 57, "fields": { "path": "set_final_report", "title": "Set Final Report", "parentModule": "16", "orderNumber": 7, "parentBoard": 1 } },
	{ "model": "team_app.task", "pk": 58, "fields": { "path": "generate_final_report", "title": "Generate Final Report", "parentModule": "16", "orderNumber": 8, "parentBoard": 1 } },
	{ "model": "team_app.task", "pk": 59, "fields": { "path": "generate_patrak", "title": "Generate Patrak", "parentModule": "16", "orderNumber": 9, "parentBoard": 1 } },
	{ "model": "team_app.task", "pk": 60, "fields": { "path": "generate_goshwara", "title": "Generate Goshwara", "parentModule": "16", "orderNumber": 10, "parentBoard": 1 } },
	{ "model": "team_app.task", "pk": 61, "fields": { "path": "update_cce_marks", "title": "Update CCE marks", "parentModule": "16", "orderNumber": 4, "parentBoard": 1 } },
	{ "model": "team_app.task", "pk": 62, "fields": { "path": "employee_i_card", "title": "Generate I-Card", "parentModule": "7", "orderNumber": 5, "parentBoard": null } },
	{ "model": "team_app.task", "pk": 63, "fields": { "path": "collect_fee", "title": "Collect Fee", "parentModule": "15", "orderNumber": 1, "parentBoard": null } },
	{ "model": "team_app.task", "pk": 64, "fields": { "path": "my_collection", "title": "My Collection", "parentModule": "15", "orderNumber": 2, "parentBoard": null } },
	{ "model": "team_app.task", "pk": 65, "fields": { "path": "total_collection", "title": "Total Collection", "parentModule": "15", "orderNumber": 3, "parentBoard": null } },
	{ "model": "team_app.task", "pk": 66, "fields": { "path": "view_defaulters", "title": "Notify Defaulters", "parentModule": "15", "orderNumber": 4, "parentBoard": null } },
	{ "model": "team_app.task", "pk": 67, "fields": { "path": "generate_fees_certificate", "title": "Generate Fees Cert.", "parentModule": "15", "orderNumber": 5, "parentBoard": null } },
	{ "model": "team_app.task", "pk": 68, "fields": { "path": "generate_fees_report", "title": "Generate Fees Report", "parentModule": "15", "orderNumber": 6, "parentBoard": null } },
	{ "model": "team_app.task", "pk": 69, "fields": { "path": "give_discount", "title": "Give Discount", "parentModule": "15", "orderNumber": 7, "parentBoard": null } },
	{ "model": "team_app.task", "pk": 70, "fields": { "path": "total_discount", "title": "Total Discount", "parentModule": "15", "orderNumber": 8, "parentBoard": null } },
	{ "model": "team_app.task", "pk": 71, "fields": { "path": "cancel_fee_receipt", "title": "Cancel Fee Receipt", "parentModule": "15", "orderNumber": 9, "parentBoard": null } },
	{ "model": "team_app.task", "pk": 72, "fields": { "path": "cancel_discount", "title": "Cancel Discount", "parentModule": "15", "orderNumber": 10, "parentBoard": null } },
	{ "model": "team_app.task", "pk": 73, "fields": { "path": "update_student_fees", "title": "Update Student Fees", "parentModule": "15", "orderNumber": 11, "parentBoard": null } },
	{ "model": "team_app.task", "pk": 74, "fields": { "path": "set_school_fees", "title": "Set School Fees", "parentModule": "15", "orderNumber": 12, "parentBoard": null } },
	{ "model": "team_app.task", "pk": 75, "fields": { "path": "add_fee_type", "title": "Add Fee Type", "parentModule": "15", "orderNumber": 13, "parentBoard": null } },
	{ "model": "team_app.task", "pk": 76, "fields": { "path": "lock_fees", "title": "Lock Fees", "parentModule": "15", "orderNumber": 14, "parentBoard": null } },
	{ "model": "team_app.task", "pk": 77, "fields": { "path": "employee_experience_certi", "title": "Experience Certificate", "parentModule": "7", "orderNumber": 6, "parentBoard": null } },
	{ "model": "team_app.task", "pk": 78, "fields": { "path": "change_session", "title": "Change Session", "parentModule": "5", "orderNumber": 2, "parentBoard": null } },
	{ "model": "team_app.task", "pk": 79, "fields": { "path": "delete_student", "title": "Delete student", "parentModule": "1", "orderNumber": 9, "parentBoard": null } },
	{ "model": "team_app.task", "pk": 80, "fields": { "path": "grade_student_fields", "title": "Grade Student Fields", "parentModule": "17", "orderNumber": 1, "parentBoard": 2 } },
	{ "model": "team_app.task", "pk": 81, "fields": { "path": "set_final_report", "title": "Set Final Report", "parentModule": "17", "orderNumber": 2, "parentBoard": 2 } },
	{ "model": "team_app.task", "pk": 82, "fields": { "path": "generate_final_report", "title": "Generate Final Report", "parentModule": "17", "orderNumber": 3, "parentBoard": 2 } },
	{ "model": "team_app.task", "pk": 83, "fields": { "path": "add_student_remarks", "title": "Add Student Remarks", "parentModule": "17", "orderNumber": 4, "parentBoard": 2 } },
	{ "model": "team_app.task", "pk": 84, "fields": { "path": "view_grades_remarks", "title": "View Grades/Remarks", "parentModule": "17", "orderNumber": 5, "parentBoard": 2 } },
	{ "model": "team_app.task", "pk": 85, "fields": { "path": "update_class", "title": "Update Class", "parentModule": "18", "orderNumber": 1, "parentBoard": null } },
	{ "model": "team_app.task", "pk": 86, "fields": { "path": "view_marks", "title": "View Marks", "parentModule": "14", "orderNumber": 6, "parentBoard": null } },
	{ "model": "team_app.task", "pk": 87, "fields": { "path": "add_student_remarks", "title": "Add Student Remarks", "parentModule": "16", "orderNumber": 11, "parentBoard": 1 } },
	{ "model": "class_app.class", "pk": 1, "fields": {"name": "Class - 12", "orderNumber": 1} },
	{ "model": "class_app.class", "pk": 2, "fields": {"name": "Class - 11", "orderNumber": 2} },
	{ "model": "class_app.class", "pk": 3, "fields": {"name": "Class - 10", "orderNumber": 3} },
	{ "model": "class_app.class", "pk": 4, "fields": {"name": "Class - 9", "orderNumber": 4} },
	{ "model": "class_app.class", "pk": 5, "fields": {"name": "Class - 8", "orderNumber": 5} },
	{ "model": "class_app.class", "pk": 6, "fields": {"name": "Class - 7", "orderNumber": 6} },
	{ "model": "class_app.class", "pk": 7, "fields": {"name": "Class - 6", "orderNumber": 7} },
	{ "model": "class_app.class", "pk": 8, "fields": {"name": "Class - 5", "orderNumber": 8} },
	{ "model": "class_app.class", "pk": 9, "fields": {"name": "Class - 4", "orderNumber": 9} },
	{ "model": "class_app.class", "pk": 10, "fields": {"name": "Class - 3", "orderNumber": 10} },
	{ "model": "class_app.class", "pk": 11, "fields": {"name": "Class - 2", "orderNumber": 11} },
	{ "model": "class_app.class", "pk": 12, "fields": {"name": "Class - 1", "orderNumber": 12} },
	{ "model": "class_app.class", "pk": 13, "fields": {"name": "U.K.G.", "orderNumber": 13} },
	{ "model": "class_app.class", "pk": 14, "fields": {"name": "L.K.G.", "orderNumber": 14} },
	{ "model": "class_app.class", "pk": 15, "fields": {"name": "Nursery", "orderNumber": 15} },
	{ "model": "class_app.class", "pk": 16, "fields": {"name": "Play Group", "orderNumber": 16} },
	{ "model": "class_app.division", "pk": 1, "fields": {"name": "Section - A", "orderNumber": 1} },
	{ "model": "class_app.division", "pk": 2, "fields": {"name": "Section - B", "orderNumber": 2} },
	{ "model": "class_app.division", "pk": 3, "fields": {"name": "Section - C", "orderNumber": 3} },
	{ "model": "class_app.division", "pk": 4, "fields": {"name": "Section - D", "orderNumber": 4} },
	{ "model": "class_app.division", "pk": 5, "fields": {"name": "Section - E", "orderNumber": 5} },
	{ "model": "class_app.division", "pk": 6, "fields": {"name": "Section - F", "orderNumber": 6} },
	{ "model": "class_app.division", "pk": 7, "fields": {"name": "Section - G", "orderNumber": 7} },
	{ "model": "class_app.division", "pk": 8, "fields": {"name": "Section - H", "orderNumber": 8} },
	{ "model": "class_app.division", "pk": 9, "fields": {"name": "Section - I", "orderNumber": 9} },
	{ "model": "class_app.division", "pk": 10, "fields": {"name": "Section - K", "orderNumber": 10} },
	{ "model": "subject_app.SubjectSecond", "pk": 1, "fields": {"name": "Mathematics"} },
	{ "model": "subject_app.SubjectSecond", "pk": 2, "fields": {"name": "Hindi"} },
	{ "model": "subject_app.SubjectSecond", "pk": 3, "fields": {"name": "English"} },
	{ "model": "subject_app.SubjectSecond", "pk": 4, "fields": {"name": "Environmental Science"} },
	{ "model": "subject_app.SubjectSecond", "pk": 5, "fields": {"name": "Drawing"} },
	{ "model": "subject_app.SubjectSecond", "pk": 6, "fields": {"name": "Conversational"} },
	{ "model": "subject_app.SubjectSecond", "pk": 7, "fields": {"name": "Computer"} },
	{ "model": "subject_app.SubjectSecond", "pk": 8, "fields": {"name": "Moral Science"} },
	{ "model": "subject_app.SubjectSecond", "pk": 9, "fields": {"name": "Science"} },
	{ "model": "subject_app.SubjectSecond", "pk": 10, "fields": {"name": "Social Science"} },
	{ "model": "subject_app.SubjectSecond", "pk": 11, "fields": {"name": "Sanskrit"} },
	{ "model": "subject_app.SubjectSecond", "pk": 12, "fields": {"name": "Disaster Management"} },
	{ "model": "subject_app.SubjectSecond", "pk": 13, "fields": {"name": "Physics"} },
	{ "model": "subject_app.SubjectSecond", "pk": 14, "fields": {"name": "Chemistry"} },
	{ "model": "subject_app.SubjectSecond", "pk": 15, "fields": {"name": "Biology"} },
	{ "model": "subject_app.SubjectSecond", "pk": 16, "fields": {"name": "Account"} },
	{ "model": "subject_app.SubjectSecond", "pk": 17, "fields": {"name": "Business Studies"} },
	{ "model": "subject_app.SubjectSecond", "pk": 18, "fields": {"name": "Economics"} },
	{ "model": "subject_app.SubjectSecond", "pk": 19, "fields": {"name": "Informatics"} },
	{ "model": "subject_app.SubjectSecond", "pk": 20, "fields": {"name": "Crop Production"} },
	{ "model": "subject_app.SubjectSecond", "pk": 21, "fields": {"name": "Animal Husbandry"} },
	{ "model": "subject_app.SubjectSecond", "pk": 22, "fields": {"name": "Elements of Science & Maths"} },
	{ "model": "subject_app.SubjectSecond", "pk": 23, "fields": {"name": "Hamari Dharohar"} },
	{ "model": "subject_app.SubjectSecond", "pk": 24, "fields": {"name": "General Knowledge"} },
	{ "model": "subject_app.SubjectSecond", "pk": 25, "fields": {"name": "Physical Education"} },
	{ "model": "subject_app.SubjectSecond", "pk": 26, "fields": {"name": "Political Science"} },
	{ "model": "subject_app.SubjectSecond", "pk": 27, "fields": {"name": "Sociology"} },
	{ "model": "subject_app.SubjectSecond", "pk": 28, "fields": {"name": "History"} },
	{ "model": "subject_app.SubjectSecond", "pk": 29, "fields": {"name": "Information Technology"} },
	{ "model": "subject_app.SubjectSecond", "pk": 30, "fields": {"name": "Book Keeping"} },
	{ "model": "subject_app.SubjectSecond", "pk": 31, "fields": {"name": "Informatics Practices"} },
	{ "model": "subject_app.SubjectSecond", "pk": 32, "fields": {"name": "Hindi Special"} },
	{ "model": "subject_app.SubjectSecond", "pk": 33, "fields": {"name": "English Special"} },
	{ "model": "subject_app.SubjectSecond", "pk": 34, "fields": {"name": "Story and Rhymes"} },
	{ "model": "subject_app.ExtraField", "pk": 1, "fields": {"name": "Co-Scholastic Areas"} },
	{ "model": "subject_app.ExtraField", "pk": 2, "fields": {"name": "Personal & Social Qualities"} },
	{ "model": "subject_app.ExtraSubField", "pk": 1, "fields": {"parentExtraField": 1, "name": "Literary"} },
	{ "model": "subject_app.ExtraSubField", "pk": 2, "fields": {"parentExtraField": 1, "name": "Cultural"} },
	{ "model": "subject_app.ExtraSubField", "pk": 3, "fields": {"parentExtraField": 1, "name": "Scientific"} },
	{ "model": "subject_app.ExtraSubField", "pk": 4, "fields": {"parentExtraField": 1, "name": "Creativity"} },
	{ "model": "subject_app.ExtraSubField", "pk": 5, "fields": {"parentExtraField": 1, "name": "Sports, Yoga, Scout/RedCross"} },
	{ "model": "subject_app.ExtraSubField", "pk": 6, "fields": {"parentExtraField": 2, "name": "Regularity"} },
	{ "model": "subject_app.ExtraSubField", "pk": 7, "fields": {"parentExtraField": 2, "name": "Punctuality"} },
	{ "model": "subject_app.ExtraSubField", "pk": 8, "fields": {"parentExtraField": 2, "name": "Cleanliness"} },
	{ "model": "subject_app.ExtraSubField", "pk": 9, "fields": {"parentExtraField": 2, "name": "Discipline/Dutifulness"} },
	{ "model": "subject_app.ExtraSubField", "pk": 10, "fields": {"parentExtraField": 2, "name": "Helpfulness"} },
	{ "model": "subject_app.ExtraSubField", "pk": 11, "fields": {"parentExtraField": 2, "name": "Environment Sensitive"} },
	{ "model": "subject_app.ExtraSubField", "pk": 12, "fields": {"parentExtraField": 2, "name": "Leadership"} },
	{ "model": "subject_app.ExtraSubField", "pk": 13, "fields": {"parentExtraField": 2, "name": "Truthfulness"} },
	{ "model": "subject_app.ExtraSubField", "pk": 14, "fields": {"parentExtraField": 2, "name": "Honesty"} },
	{ "model": "subject_app.ExtraSubField", "pk": 15, "fields": {"parentExtraField": 2, "name": "Representation"} },
	{ "model": "report_card_cbse_app.ExtraField", "pk": 1, "fields": { "name": "Work Education (or Pre-vocational Education)" } },
	{ "model": "report_card_cbse_app.ExtraField", "pk": 2, "fields": { "name": "Art Education" } },
	{ "model": "report_card_cbse_app.ExtraField", "pk": 3, "fields": { "name": "Health & Physical Education" } },
	{ "model": "report_card_cbse_app.ExtraField", "pk": 4, "fields": { "name": "Discipline" } },
	{ "model": "report_card_cbse_app.term", "pk": 1, "fields": { "name": "Term - I" } },
	{ "model": "report_card_cbse_app.term", "pk": 2, "fields": { "name": "Term - II" } },
	{ "model": "report_card_cbse_app.term", "pk": 3, "fields": { "name": "Term - III" } },
	{ "model": "school_app.board", "pk": 1, "fields": { "name": "M.P. Board" } },
	{ "model": "school_app.board", "pk": 2, "fields": { "name": "C.B.S.E." } },
	{ "model": "school_app.session", "pk": 1, "fields": { "name": "Session 2017-18" , "startDate": "2017-04-01", "endDate": "2018-03-31", "orderNumber": 1} },
	{ "model": "school_app.session", "pk": 2, "fields": { "name": "Session 2018-19" , "startDate": "2018-04-01", "endDate": "2019-03-31", "orderNumber": 2} },
	{ "model": "school_app.session", "pk": 3, "fields": { "name": "Session 2019-20" , "startDate": "2019-04-01", "endDate": "2020-03-31", "orderNumber": 3} },
	{ "model": "school_app.session", "pk": 4, "fields": { "name": "Session 2020-21" , "startDate": "2020-04-01", "endDate": "2021-03-31", "orderNumber": 4} },
	{ "model": "school_app.session", "pk": 5, "fields": { "name": "Session 2021-22" , "startDate": "2021-04-01", "endDate": "2022-03-31", "orderNumber": 5} },
	{ "model": "auth.user", "pk": 1, "fields": { "username": "1234567890" , "password": "1234567890", "is_superuser": true, "is_staff": true} },
	{ "model": "information_app.information_app_messagetype", "pk": 1, "fields": { "name": "General"} },
	{ "model": "information_app.information_app_messagetype", "pk": 2, "fields": { "name": "Defaulter"} },
	{ "model": "information_app.information_app_messagetype", "pk": 3, "fields": { "name": "Fee Receipt"} }
]
